Timestamp,anomaly_score
2022-04-28 02:44:00,0.5289008438080206
2022-04-28 02:46:00,0.5155002831847485
2022-04-28 02:48:00,0.5070249993727886
2022-04-28 02:50:00,0.5082740298426994
2022-04-28 02:52:00,0.512085042184323
2022-04-28 02:54:00,0.5124045443061045
2022-04-28 02:56:00,0.5083407631258435
2022-04-28 02:58:00,0.5029915393885804
2022-04-28 03:00:00,0.5018088510703417
2022-04-28 03:02:00,0.5025897233059584
2022-04-28 03:04:00,0.5055165054660407
2022-04-28 03:06:00,0.5042143908838342
2022-04-28 03:08:00,0.5066149515569244
2022-04-28 03:10:00,0.5201151795186214
2022-04-28 03:12:00,0.5105108135824619
2022-04-28 03:14:00,0.5257267260089244
2022-04-28 03:16:00,0.5355977949235498
2022-04-28 03:18:00,0.5316460512666389
2022-04-28 03:20:00,0.5124117110293784
2022-04-28 03:22:00,0.5244561672301773
2022-04-28 03:24:00,0.5150319176876328
2022-04-28 03:26:00,0.5164298263574026
2022-04-28 03:28:00,0.5159268979515392
2022-04-28 03:30:00,0.5177272330540545
2022-04-28 03:32:00,0.5198483108493374
2022-04-28 03:34:00,0.5208547967433026
2022-04-28 03:36:00,0.5195335492650389
2022-04-28 03:38:00,0.5262441332827511
2022-04-28 03:40:00,0.5309046647320856
2022-04-28 03:42:00,0.5278653974380625
2022-04-28 03:44:00,0.527771312567271
2022-04-28 03:46:00,0.5274148020899516
2022-04-28 03:48:00,0.525301620724738
2022-04-28 03:50:00,0.5260271747485159
2022-04-28 03:52:00,0.5355706869096735
2022-04-28 03:54:00,0.5358091552486235
2022-04-28 03:56:00,0.5406616976161865
2022-04-28 03:58:00,0.5435365027602606
2022-04-28 04:00:00,0.5434716949756654
2022-04-28 04:02:00,0.5498116913031449
2022-04-28 04:04:00,0.5497887617547226
2022-04-28 04:06:00,0.5468707171305419
2022-04-28 04:08:00,0.5541064215889293
2022-04-28 04:10:00,0.5461608000123728
2022-04-28 04:12:00,0.5473233427614048
2022-04-28 04:14:00,0.5451397561929047
2022-04-28 04:16:00,0.5476138622311294
2022-04-28 04:18:00,0.542977760254411
2022-04-28 04:20:00,0.5421937285238172
2022-04-28 04:22:00,0.5428906233498286
2022-04-28 04:24:00,0.5440100193893737
2022-04-28 04:26:00,0.5428504605630579
2022-04-28 04:28:00,0.5395568408612693
2022-04-28 04:30:00,0.5399358900303022
2022-04-28 04:32:00,0.5403020888273878
2022-04-28 04:34:00,0.539979971676892
2022-04-28 04:36:00,0.5393732428209993
2022-04-28 04:38:00,0.5408892303385038
2022-04-28 04:40:00,0.5500031249022488
2022-04-28 04:42:00,0.5453614905174043
2022-04-28 04:44:00,0.5491347220568604
2022-04-28 04:46:00,0.5469126124455179
2022-04-28 04:48:00,0.5410286355316338
2022-04-28 04:50:00,0.5430029636726155
2022-04-28 04:52:00,0.5465268193931273
2022-04-28 04:54:00,0.5431095123516139
2022-04-28 04:56:00,0.5417591444227045
2022-04-28 04:58:00,0.5502465396216292
2022-04-28 05:00:00,0.5511341536981025
2022-04-28 05:02:00,0.548727470101721
2022-04-28 05:04:00,0.5545578606546394
2022-04-28 05:06:00,0.5545836324055949
2022-04-28 05:08:00,0.561283879342602
2022-04-28 05:10:00,0.5616560527337539
2022-04-28 05:12:00,0.5669228330012578
2022-04-28 05:14:00,0.5685335891140092
2022-04-28 05:16:00,0.5641633432975146
2022-04-28 05:18:00,0.5661561053033659
2022-04-28 05:20:00,0.5656576978756682
2022-04-28 05:22:00,0.5767170731637391
2022-04-28 05:24:00,0.5789037677093245
2022-04-28 05:26:00,0.5815666719370222
2022-04-28 05:28:00,0.5830230408894038
2022-04-28 05:30:00,0.5842552662082183
2022-04-28 05:32:00,0.5822523418915188
2022-04-28 05:34:00,0.5862807802006079
2022-04-28 05:36:00,0.5831411739121936
2022-04-28 05:38:00,0.5830928104053869
2022-04-28 05:40:00,0.5878700555079187
2022-04-28 05:42:00,0.5888225868003101
2022-04-28 05:44:00,0.5925694843911608
2022-04-28 05:46:00,0.5905279705963921
2022-04-28 05:48:00,0.591904936830552
2022-04-28 05:50:00,0.5938910321146035
2022-04-28 05:52:00,0.5968739507898416
2022-04-28 05:54:00,0.5979225514265083
2022-04-28 05:56:00,0.5929592130169489
2022-04-28 05:58:00,0.5961369019911423
2022-04-28 06:00:00,0.6034225451000363
2022-04-28 06:02:00,0.6022449701630854
2022-04-28 06:04:00,0.6097268197548085
2022-04-28 06:06:00,0.605354910730406
2022-04-28 06:08:00,0.6103952018534474
2022-04-28 06:10:00,0.6144797959826802
2022-04-28 06:12:00,0.6163875310898737
2022-04-28 06:14:00,0.5928708399702677
2022-04-28 06:16:00,0.5979144936988093
2022-04-28 06:18:00,0.6049597974598031
2022-04-28 06:20:00,0.5950011410855334
2022-04-28 06:22:00,0.6088991276792672
2022-04-28 06:24:00,0.5943068574877787
2022-04-28 06:26:00,0.6133044287346687
2022-04-28 06:28:00,0.6035405869351013
2022-04-28 06:30:00,0.6061920164365334
2022-04-28 06:32:00,0.6101576364471958
2022-04-28 06:34:00,0.6144574978424463
2022-04-28 06:36:00,0.6225905202497426
2022-04-28 06:38:00,0.6193399151871218
2022-04-28 06:40:00,0.6125171624280283
2022-04-28 06:42:00,0.6174925368297663
2022-04-28 06:44:00,0.6202773724168321
2022-04-28 06:46:00,0.6201374977963919
2022-04-28 06:48:00,0.6216127377550968
2022-04-28 06:50:00,0.6226112494215745
2022-04-28 06:52:00,0.6231764957508351
2022-04-28 06:54:00,0.6234576476131688
2022-04-28 06:56:00,0.6193950725299807
2022-04-28 06:58:00,0.6183766869670825
2022-04-28 07:00:00,0.6207202721690454
2022-04-28 07:02:00,0.6200921385342584
2022-04-28 07:04:00,0.6202079427930632
2022-04-28 07:06:00,0.6208783553026123
2022-04-28 07:08:00,0.6201680026942742
2022-04-28 07:10:00,0.6159027317906455
2022-04-28 07:12:00,0.6209885173358005
2022-04-28 07:14:00,0.620710971342215
2022-04-28 07:16:00,0.6224521652412398
2022-04-28 07:18:00,0.6151351875750951
2022-04-28 07:20:00,0.6177395162750398
2022-04-28 07:22:00,0.6200074096188689
2022-04-28 07:24:00,0.6221581910856234
2022-04-28 07:26:00,0.6176195634932533
2022-04-28 07:28:00,0.6208480438698086
2022-04-28 07:30:00,0.6248226946737389
2022-04-28 07:32:00,0.6239053802336976
2022-04-28 07:34:00,0.6264001321374953
2022-04-28 07:36:00,0.6258143644285131
2022-04-28 07:38:00,0.6302297697521887
2022-04-28 07:40:00,0.6285772340749698
2022-04-28 07:42:00,0.6275403042445554
2022-04-28 07:44:00,0.6287217601128715
2022-04-28 07:46:00,0.6241392077490385
2022-04-28 07:48:00,0.6214203798119794
2022-04-28 07:50:00,0.6296247986306525
2022-04-28 07:52:00,0.6265729091512487
2022-04-28 07:54:00,0.6263750613014766
2022-04-28 07:56:00,0.6275973894583944
2022-04-28 07:58:00,0.6299013190685058
2022-04-28 08:00:00,0.6324200154655336
2022-04-28 08:02:00,0.6334359045807447
2022-04-28 08:04:00,0.6348303550037357
2022-04-28 08:06:00,0.640479063288716
2022-04-28 08:08:00,0.6433569727334685
2022-04-28 08:10:00,0.6455230998161892
2022-04-28 08:12:00,0.6458574474649084
2022-04-28 08:14:00,0.651818394560336
2022-04-28 08:16:00,0.667381150519015
2022-04-28 08:18:00,0.6658166609159003
2022-04-28 08:20:00,0.6528801697523504
2022-04-28 08:22:00,0.6664121945160353
2022-04-28 08:24:00,0.6555052747703367
2022-04-28 08:26:00,0.6818997609692622
2022-04-28 08:28:00,0.6601818863891685
2022-04-28 08:30:00,0.6584110978583944
2022-04-28 08:32:00,0.6744679139672564
2022-04-28 08:34:00,0.6590289333384743
2022-04-28 08:36:00,0.6631785612100856
2022-04-28 08:38:00,0.6653087707948032
2022-04-28 08:40:00,0.6677604138179415
2022-04-28 08:42:00,0.6836356990225879
2022-04-28 08:44:00,0.6707365491803458
2022-04-28 08:46:00,0.67726765532753
2022-04-28 08:48:00,0.6761455545682805
2022-04-28 08:50:00,0.6753074925067649
2022-04-28 08:52:00,0.6783237796794448
2022-04-28 08:54:00,0.6984016363566389
2022-04-28 08:56:00,0.6990099890319577
2022-04-28 08:58:00,0.6766153211697267
2022-04-28 09:00:00,0.6791018468564437
2022-04-28 09:02:00,0.687672612651533
2022-04-28 09:04:00,0.683689261926824
2022-04-28 09:06:00,0.6743428576694102
2022-04-28 09:08:00,0.6828250524511364
2022-04-28 09:10:00,0.6685267819120393
2022-04-28 09:12:00,0.6589033567592664
2022-04-28 09:14:00,0.6589510117576003
2022-04-28 09:16:00,0.662716637107998
2022-04-28 09:18:00,0.6640320546490521
2022-04-28 09:20:00,0.6540179308299104
2022-04-28 09:22:00,0.663377073761795
2022-04-28 09:24:00,0.6579156418854438
2022-04-28 09:26:00,0.6532226454963543
2022-04-28 09:28:00,0.6626301153848566
2022-04-28 09:30:00,0.6657674386990053
2022-04-28 09:32:00,0.6505560959346424
2022-04-28 09:34:00,0.6514304760806823
2022-04-28 09:36:00,0.651141977722407
2022-04-28 09:38:00,0.6367394624869308
2022-04-28 09:40:00,0.644997351543813
2022-04-28 09:42:00,0.6353345832306346
2022-04-28 09:44:00,0.646573052329499
2022-04-28 09:46:00,0.6610418422470821
2022-04-28 09:48:00,0.6481359078831338
2022-04-28 09:50:00,0.6498134098770543
2022-04-28 09:52:00,0.6497905610999898
2022-04-28 09:54:00,0.6380075990809165
2022-04-28 09:56:00,0.6425507543423461
2022-04-28 09:58:00,0.6531221954960054
2022-04-28 10:00:00,0.6621861462707386
2022-04-28 10:02:00,0.6663562072096203
2022-04-28 10:04:00,0.6621167860026452
2022-04-28 10:06:00,0.6703145401013383
2022-04-28 10:08:00,0.6719795318805719
2022-04-28 10:10:00,0.6733864107731204
2022-04-28 10:12:00,0.6687978958515103
2022-04-28 10:14:00,0.6728894516915771
2022-04-28 10:16:00,0.6738442032666361
2022-04-28 10:18:00,0.6682228255691103
2022-04-28 10:20:00,0.6715930946188335
2022-04-28 10:22:00,0.6706208769158475
2022-04-28 10:24:00,0.6740244866208036
2022-04-28 10:26:00,0.6739103524009585
2022-04-28 10:28:00,0.6985110478582212
2022-04-28 10:30:00,0.6956298713177155
2022-04-28 10:32:00,0.6974091774787761
2022-04-28 10:34:00,0.6986846779292816
2022-04-28 10:36:00,0.7010125801077141
2022-04-28 10:38:00,0.6966828357204181
2022-04-28 10:40:00,0.7006000859998094
2022-04-28 10:42:00,0.7011706964430666
2022-04-28 10:44:00,0.7010125801077141
2022-04-28 10:46:00,0.6936849075130747
2022-04-28 10:48:00,0.7006964543962544
2022-04-28 10:50:00,0.6999464037866435
2022-04-28 10:52:00,0.7008941932195522
2022-04-28 10:54:00,0.7017069978494508
2022-04-28 10:56:00,0.7008941932195522
2022-04-28 10:58:00,0.6757610925687666
2022-04-28 11:00:00,0.6760659684602096
2022-04-28 11:02:00,0.6748699800936486
2022-04-28 11:04:00,0.6722522872945892
2022-04-28 11:06:00,0.6741093960199168
2022-04-28 11:08:00,0.6753040364976535
2022-04-28 11:10:00,0.6722874897168433
2022-04-28 11:12:00,0.6766097741798734
2022-04-28 11:14:00,0.6675695955927836
2022-04-28 11:16:00,0.6728052003076131
2022-04-28 11:18:00,0.6671048517464112
2022-04-28 11:20:00,0.6736139917207759
2022-04-28 11:22:00,0.6730935368817011
2022-04-28 11:24:00,0.6725457755400166
2022-04-28 11:26:00,0.6724625649630744
2022-04-28 11:28:00,0.6649512935704144
2022-04-28 11:30:00,0.6635244912407968
2022-04-28 11:32:00,0.6681463790615002
2022-04-28 11:34:00,0.6705753084611751
2022-04-28 11:36:00,0.6739089243671572
2022-04-28 11:38:00,0.6655913507767478
2022-04-28 11:40:00,0.6728683737670226
2022-04-28 11:42:00,0.6792848759094793
2022-04-28 11:44:00,0.6815867414964903
2022-04-28 11:46:00,0.6858967628569019
2022-04-28 11:48:00,0.6845699929698001
2022-04-28 11:50:00,0.6771237812529554
2022-04-28 11:52:00,0.6806376327957069
2022-04-28 11:54:00,0.678851347563608
2022-04-28 11:56:00,0.6840879661207506
2022-04-28 11:58:00,0.7054871449074755
2022-04-28 12:00:00,0.6792571434793876
2022-04-28 12:02:00,0.6881110693120702
2022-04-28 12:04:00,0.67893880711299
2022-04-28 12:06:00,0.6859418518413626
2022-04-28 12:08:00,0.68065091680614
2022-04-28 12:10:00,0.6829019139591286
2022-04-28 12:12:00,0.6720158488152258
2022-04-28 12:14:00,0.6716244866527855
2022-04-28 12:16:00,0.6721674248158979
2022-04-28 12:18:00,0.6759210453245738
2022-04-28 12:20:00,0.6720609202449952
2022-04-28 12:22:00,0.6767268400206164
2022-04-28 12:24:00,0.6701285171120969
2022-04-28 12:26:00,0.6712981449943854
2022-04-28 12:28:00,0.6775903177985886
2022-04-28 12:30:00,0.6774375189174257
2022-04-28 12:32:00,0.6753758903381113
2022-04-28 12:34:00,0.6913541846543073
2022-04-28 12:36:00,0.6764928404165284
2022-04-28 12:38:00,0.6775903177985886
2022-04-28 12:40:00,0.6719834778687414
2022-04-28 12:42:00,0.6807715864475463
2022-04-28 12:44:00,0.6779327064103391
2022-04-28 12:46:00,0.6722107297516827
2022-04-28 12:48:00,0.6769012342931326
2022-04-28 12:50:00,0.6772582705592268
2022-04-28 12:52:00,0.6698479655575692
2022-04-28 12:54:00,0.6761004668982344
2022-04-28 12:56:00,0.6753428698145328
2022-04-28 12:58:00,0.6821887759360876
2022-04-28 13:00:00,0.6817370661889874
2022-04-28 13:02:00,0.677753157301708
2022-04-28 13:04:00,0.6747893433818399
2022-04-28 13:06:00,0.6758510985162661
2022-04-28 13:08:00,0.6763656392690939
2022-04-28 13:10:00,0.6813319415568054
2022-04-28 13:12:00,0.6788740389515053
2022-04-28 13:14:00,0.672630937799816
2022-04-28 13:16:00,0.6742423560909485
2022-04-28 13:18:00,0.6724521592142014
2022-04-28 13:20:00,0.6734765306941701
2022-04-28 13:22:00,0.6694678275990474
2022-04-28 13:24:00,0.6704139325830486
2022-04-28 13:26:00,0.6690366155054963
2022-04-28 13:28:00,0.671874284649267
2022-04-28 13:30:00,0.6720613540923313
2022-04-28 13:32:00,0.6756259728456084
2022-04-28 13:34:00,0.6715114963133448
2022-04-28 13:36:00,0.6673618432744757
2022-04-28 13:38:00,0.6728363533455656
2022-04-28 13:40:00,0.6695758922642189
2022-04-28 13:42:00,0.701022647320591
2022-04-28 13:44:00,0.6775538567991366
2022-04-28 13:46:00,0.6749187656421302
2022-04-28 13:48:00,0.6807888456679019
2022-04-28 13:50:00,0.6696840390400857
2022-04-28 13:52:00,0.6702152177478099
2022-04-28 13:54:00,0.6636023348974999
