Timestamp,Power_Generated,Solar_Radiation,anomaly_score,threshold,threshold_margin,status
2022-04-28 13:56:00,373.28291999999999,979.13919999999996,0.67836257525180321,0.71352427601826951,-0.035161700766466297,NORMAL
2022-04-28 13:58:00,373.33244000000002,959.26711999999998,0.6772154233333112,0.71352427601826951,-0.036308852684958315,NORMAL
2022-04-28 14:00:00,373.68815999999998,951.99063999999998,0.67770547059868413,0.71352427601826951,-0.035818805419585376,NORMAL
2022-04-28 14:02:00,373.99955999999997,945.96543999999994,0.67281720730947103,0.71352427601826951,-0.040707068708798477,NORMAL
2022-04-28 14:04:00,374.60075999999998,953.53584000000001,0.67233031799107712,0.71352427601826951,-0.04119395802719239,NORMAL
2022-04-28 14:06:00,374.69988000000001,960.76103999999998,0.67103456308451781,0.71352427601826951,-0.0424897129337517,NORMAL
2022-04-28 14:08:00,375.32551999999998,927.71655999999996,0.67307690713278001,0.71352427601826951,-0.040447368885489499,NORMAL
2022-04-28 14:10:00,375.33012000000002,919.93376000000001,0.67088553610554114,0.71352427601826951,-0.042638739912728374,NORMAL
2022-04-28 14:12:00,375.99603999999999,928.39095999999995,0.67186016767080114,0.71352427601826951,-0.041664108347468365,NORMAL
2022-04-28 14:14:00,375.8322,930.46896000000004,0.67301859898710226,0.71352427601826951,-0.040505677031167253,NORMAL
2022-04-28 14:16:00,374.32283999999999,908.28880000000004,0.67388053551540983,0.71352427601826951,-0.039643740502859681,NORMAL
2022-04-28 14:18:00,375.00700000000001,910.74735999999996,0.67135103266785912,0.71352427601826951,-0.042173243350410394,NORMAL
2022-04-28 14:20:00,374.54683999999997,894.92344000000003,0.65438301801582932,0.71352427601826951,-0.059141258002440189,NORMAL
2022-04-28 14:22:00,374.95819999999998,888.64512000000002,0.65437600228100923,0.71352427601826951,-0.059148273737260282,NORMAL
2022-04-28 14:24:00,374.62180000000001,869.20327999999995,0.6722510447749348,0.71352427601826951,-0.041273231243334707,NORMAL
2022-04-28 14:26:00,374.54079999999999,864.89328,0.66623857373364392,0.71352427601826951,-0.047285702284625586,NORMAL
2022-04-28 14:28:00,375.65732000000003,858.45039999999995,0.67354905913330754,0.71352427601826951,-0.039975216884961973,NORMAL
2022-04-28 14:30:00,374.74239999999998,839.62800000000004,0.67193104379857138,0.71352427601826951,-0.041593232219698129,NORMAL
2022-04-28 14:32:00,374.78248000000002,832.00631999999996,0.66627913910176539,0.71352427601826951,-0.047245136916504116,NORMAL
2022-04-28 14:34:00,375.02348000000001,817.33280000000002,0.67480119488668278,0.71352427601826951,-0.038723081131586734,NORMAL
2022-04-28 14:36:00,375.07243999999997,821.74192000000005,0.66807182175537361,0.71352427601826951,-0.045452454262895903,NORMAL
2022-04-28 14:38:00,375.50999999999999,824.11551999999995,0.66842445892555324,0.71352427601826951,-0.045099817092716266,NORMAL
2022-04-28 14:40:00,374.38603999999998,811.61216000000002,0.65340306191553177,0.71352427601826951,-0.060121214102737741,NORMAL
2022-04-28 14:42:00,375.26819999999998,832.58687999999995,0.66189819202964317,0.71352427601826951,-0.051626083988626337,NORMAL
2022-04-28 14:44:00,374.72575999999998,829.24680000000001,0.66852002430291679,0.71352427601826951,-0.045004251715352717,NORMAL
2022-04-28 14:46:00,374.34688,800.54952000000003,0.67416169593238706,0.71352427601826951,-0.039362580085882448,NORMAL
2022-04-28 14:48:00,376.35579999999999,839.82272,0.66399487808162871,0.71352427601826951,-0.049529397936640795,NORMAL
2022-04-28 14:50:00,373.41944000000001,788.35583999999994,0.66475598875268338,0.71352427601826951,-0.04876828726558613,NORMAL
2022-04-28 14:52:00,374.21908000000002,771.23263999999995,0.66222549751133264,0.71352427601826951,-0.051298778506936871,NORMAL
2022-04-28 14:54:00,374.00995999999998,752.17664000000002,0.66281984998146359,0.71352427601826951,-0.050704426036805916,NORMAL
2022-04-28 14:56:00,373.52076,721.61904000000004,0.66171126817810366,0.71352427601826951,-0.051813007840165848,NORMAL
2022-04-28 14:58:00,373.3734,700.34695999999997,0.66533475199986791,0.71352427601826951,-0.048189524018401597,NORMAL
2022-04-28 15:00:00,374.19607999999999,689.50023999999996,0.64391803762808031,0.71352427601826951,-0.069606238390189201,NORMAL
2022-04-28 15:02:00,374.35376000000002,681.96528000000001,0.66303428320198965,0.71352427601826951,-0.050489992816279861,NORMAL
2022-04-28 15:04:00,374.42856,662.85260000000005,0.63450945197521547,0.71352427601826951,-0.079014824043054044,NORMAL
2022-04-28 15:06:00,377.09751999999997,664.75716,0.65691235676729198,0.71352427601826951,-0.056611919250977527,NORMAL
2022-04-28 15:08:00,376.31407999999999,635.81732,0.65094506784874429,0.71352427601826951,-0.062579208169525224,NORMAL
2022-04-28 15:10:00,376.45103999999998,618.91188,0.64145703938047205,0.71352427601826951,-0.07206723663779746,NORMAL
2022-04-28 15:12:00,377.33904000000001,601.63472000000002,0.63805548650744059,0.71352427601826951,-0.075468789510828915,NORMAL
2022-04-28 15:14:00,378.29808000000003,601.24176,0.64993670312341933,0.71352427601826951,-0.063587572894850175,NORMAL
2022-04-28 15:16:00,380.04360000000003,587.57367999999997,0.65014986600737668,0.71352427601826951,-0.063374410010892834,NORMAL
2022-04-28 15:18:00,381.50536,567.08392000000003,0.63570894146020707,0.71352427601826951,-0.077815334558062443,NORMAL
2022-04-28 15:20:00,381.85408000000001,552.54143999999997,0.6363749490103574,0.71352427601826951,-0.077149327007912105,NORMAL
2022-04-28 15:22:00,382.39819999999997,545.70564000000002,0.64994375030441065,0.71352427601826951,-0.06358052571385886,NORMAL
2022-04-28 15:24:00,384.94200000000001,559.57195999999999,0.63779767883895011,0.71352427601826951,-0.075726597179319399,NORMAL
2022-04-28 15:26:00,386.69211999999999,576.06500000000005,0.64227380499813558,0.71352427601826951,-0.071250471020133932,NORMAL
2022-04-28 15:28:00,386.65208000000001,563.79524000000004,0.62510006903470494,0.71352427601826951,-0.088424206983564568,NORMAL
2022-04-28 15:30:00,388.00171999999998,569.93187999999998,0.62039222885415379,0.71352427601826951,-0.093132047164115717,NORMAL
2022-04-28 15:32:00,388.36671999999999,557.26031999999998,0.63145865076924546,0.71352427601826951,-0.082065625249024055,NORMAL
2022-04-28 15:34:00,389.06939999999997,556.47443999999996,0.62701704646898326,0.71352427601826951,-0.086507229549286246,NORMAL
2022-04-28 15:36:00,388.67451999999997,549.39612,0.63815341809351978,0.71352427601826951,-0.075370857924749735,NORMAL
2022-04-28 15:38:00,388.70447999999999,539.94776000000002,0.6360085724275566,0.71352427601826951,-0.077515703590712914,NORMAL
2022-04-28 15:40:00,389.42547999999999,544.32856000000004,0.63627762197088933,0.71352427601826951,-0.077246654047380181,NORMAL
2022-04-28 15:42:00,390.15451999999999,544.37811999999997,0.64435486099861161,0.71352427601826951,-0.069169415019657898,NORMAL
2022-04-28 15:44:00,390.54484000000002,550.13243999999997,0.63346665203486707,0.71352427601826951,-0.080057623983402437,NORMAL
2022-04-28 15:46:00,389.75972000000002,532.85703999999998,0.63559966744932606,0.71352427601826951,-0.077924608568943454,NORMAL
2022-04-28 15:48:00,390.70463999999998,535.71388000000002,0.63450332499719009,0.71352427601826951,-0.079020951021079422,NORMAL
2022-04-28 15:50:00,390.01355999999998,481.29996,0.64599102617636217,0.71352427601826951,-0.067533249841907339,NORMAL
2022-04-28 15:52:00,389.15751999999998,471.06040000000002,0.6187186988865323,0.71352427601826951,-0.094805577131737206,NORMAL
2022-04-28 15:54:00,387.42115999999999,448.32979999999998,0.62710109271774805,0.71352427601826951,-0.086423183300521456,NORMAL
2022-04-28 15:56:00,388.976,451.53883999999999,0.62681892730954303,0.71352427601826951,-0.086705348708726482,NORMAL
2022-04-28 15:58:00,390.98964000000001,460.16948000000002,0.62036826071223783,0.71352427601826951,-0.093156015306031681,NORMAL
2022-04-28 16:00:00,390.66120000000001,451.14236,0.6191064955949479,0.71352427601826951,-0.094417780423321607,NORMAL
2022-04-28 16:02:00,390.71859999999998,458.19767999999999,0.59828750729367475,0.71352427601826951,-0.11523676872459476,NORMAL
2022-04-28 16:04:00,391.41856000000001,438.69911999999999,0.59944346807333138,0.71352427601826951,-0.11408080794493813,NORMAL
2022-04-28 16:06:00,392.12707999999998,431.82792000000001,0.611464915277941,0.71352427601826951,-0.10205936074032851,NORMAL
2022-04-28 16:08:00,391.94995999999998,415.29948000000002,0.62087453936191717,0.71352427601826951,-0.092649736656352344,NORMAL
2022-04-28 16:10:00,392.85892000000001,407.32024000000001,0.60200666563702743,0.71352427601826951,-0.11151761038124208,NORMAL
2022-04-28 16:12:00,393.17007999999998,386.54728,0.59798332684471689,0.71352427601826951,-0.11554094917355262,NORMAL
2022-04-28 16:14:00,394.50832000000003,376.8458,0.60096754394913821,0.71352427601826951,-0.1125567320691313,NORMAL
2022-04-28 16:16:00,396.00587999999999,380.32695999999999,0.65210135817666748,0.71352427601826951,-0.061422917841602032,NORMAL
2022-04-28 16:18:00,395.99452000000002,354.05811999999997,0.60102746681303976,0.71352427601826951,-0.11249680920522975,NORMAL
2022-04-28 16:20:00,396.48484000000002,338.85716000000002,0.60408387112090178,0.71352427601826951,-0.10944040489736773,NORMAL
2022-04-28 16:22:00,397.64195999999998,334.13299999999998,0.60210279513677478,0.71352427601826951,-0.11142148088149473,NORMAL
2022-04-28 16:24:00,398.38384000000002,328.21228000000002,0.65145578733264398,0.71352427601826951,-0.062068488685625534,NORMAL
2022-04-28 16:26:00,399.88144,327.66534000000001,0.60691824764285851,0.71352427601826951,-0.106606028375411,NORMAL
2022-04-28 16:28:00,400.82368000000002,324.78021999999999,0.60371388118949609,0.71352427601826951,-0.10981039482877342,NORMAL
2022-04-28 16:30:00,401.07756000000001,316.67352,0.59863086303696234,0.71352427601826951,-0.11489341298130717,NORMAL
2022-04-28 16:32:00,402.05903999999998,310.23090000000002,0.63410048965110521,0.71352427601826951,-0.079423786367164295,NORMAL
2022-04-28 16:34:00,403.00792000000001,306.30676,0.60333417866329664,0.71352427601826951,-0.11019009735497287,NORMAL
2022-04-28 16:36:00,403.95436000000001,304.96508,0.59471494184490981,0.71352427601826951,-0.1188093341733597,NORMAL
2022-04-28 16:38:00,403.81576000000001,298.1576,0.60098536677277026,0.71352427601826951,-0.11253890924549925,NORMAL
2022-04-28 16:40:00,403.30399999999997,285.77339999999998,0.61089418923982486,0.71352427601826951,-0.10263008677844465,NORMAL
2022-04-28 16:42:00,401.59588000000002,272.37612000000001,0.60777497886969034,0.71352427601826951,-0.10574929714857917,NORMAL
2022-04-28 16:44:00,399.08616000000001,249.52340000000001,0.62145194058019781,0.71352427601826951,-0.092072335438071695,NORMAL
2022-04-28 16:46:00,397.03519999999997,234.43575999999999,0.60487868811505519,0.71352427601826951,-0.10864558790321432,NORMAL
2022-04-28 16:48:00,395.79712000000001,224.56613999999999,0.60825148449958844,0.71352427601826951,-0.10527279151868107,NORMAL
2022-04-28 16:50:00,394.30180000000001,214.43629999999999,0.61738412763750616,0.71352427601826951,-0.096140148380763346,NORMAL
2022-04-28 16:52:00,393.01423999999997,203.4956,0.61350929509003083,0.71352427601826951,-0.10001498092823868,NORMAL
2022-04-28 16:54:00,390.77436,198.04748000000001,0.63806878375065534,0.71352427601826951,-0.075455492267614166,NORMAL
2022-04-28 16:56:00,390.41703999999999,195.49688,0.62228426160954675,0.71352427601826951,-0.091240014408722758,NORMAL
2022-04-28 16:58:00,386.71800000000002,194.79772,0.61784421780406906,0.71352427601826951,-0.095680058214200447,NORMAL
2022-04-28 17:00:00,283.23253999999997,233.85808,0.58151596314843867,0.71352427601826951,-0.13200831286983084,NORMAL
2022-04-28 17:02:00,279.67016000000001,229.81536,0.57632855525550541,0.71352427601826951,-0.1371957207627641,NORMAL
2022-04-28 17:04:00,278.18488000000002,224.523,0.57606639404776683,0.71352427601826951,-0.13745788197050268,NORMAL
2022-04-28 17:06:00,277.11221999999998,218.08011999999999,0.57764822511936131,0.71352427601826951,-0.1358760508989082,NORMAL
2022-04-28 17:08:00,275.92648000000003,211.68328,0.57192407075279872,0.71352427601826951,-0.14160020526547079,NORMAL
2022-04-28 17:10:00,284.75063999999998,198.07535999999999,0.5672097928727633,0.71352427601826951,-0.14631448314550621,NORMAL
2022-04-28 17:12:00,283.06884000000002,187.50479999999999,0.56234764569712914,0.71352427601826951,-0.15117663032114037,NORMAL
2022-04-28 17:14:00,281.41858000000002,181.13981999999999,0.54693089709263865,0.71352427601826951,-0.16659337892563086,NORMAL
2022-04-28 17:16:00,280.69439999999997,176.07226,0.54944317575089963,0.71352427601826951,-0.16408110026736988,NORMAL
2022-04-28 17:18:00,279.62970000000001,171.30557999999999,0.5518688418947264,0.71352427601826951,-0.16165543412354311,NORMAL
2022-04-28 17:20:00,283.16667999999999,166.32651999999999,0.56373934743125509,0.71352427601826951,-0.14978492858701442,NORMAL
2022-04-28 17:22:00,282.13794000000001,139.88244,0.55964708466864899,0.71352427601826951,-0.15387719134962052,NORMAL
2022-04-28 17:24:00,281.31673999999998,129.54730000000001,0.55229100221047456,0.71352427601826951,-0.16123327380779495,NORMAL
2022-04-28 17:26:00,281.23421999999999,139.12222,0.57403966508556414,0.71352427601826951,-0.13948461093270537,NORMAL
2022-04-28 17:28:00,280.78613999999999,134.19802000000001,0.57558819530495764,0.71352427601826951,-0.13793608071331187,NORMAL
2022-04-28 17:30:00,279.27460000000002,124.26067999999999,0.53558994040112895,0.71352427601826951,-0.17793433561714056,NORMAL
2022-04-28 17:32:00,279.12921999999998,118.58246,0.53280057490883936,0.71352427601826951,-0.18072370110943015,NORMAL
2022-04-28 17:34:00,278.58100000000002,113.15028,0.53182267228082014,0.71352427601826951,-0.18170160373744937,NORMAL
2022-04-28 17:36:00,278.21001999999999,108.60642,0.52627603556956704,0.71352427601826951,-0.18724824044870247,NORMAL
2022-04-28 17:38:00,278.03546,103.52292,0.52197138983276781,0.71352427601826951,-0.1915528861855017,NORMAL
2022-04-28 17:40:00,277.84685999999999,97.933192000000005,0.51489964249611697,0.71352427601826951,-0.19862463352215254,NORMAL
2022-04-28 17:42:00,278.17642000000001,94.142247999999995,0.5078235227594724,0.71352427601826951,-0.20570075325879711,NORMAL
2022-04-28 17:44:00,277.03766000000002,90.867711999999997,0.51259680010162778,0.71352427601826951,-0.20092747591664173,NORMAL
2022-04-28 17:46:00,278.07566000000003,85.770055999999997,0.5002770371547256,0.71352427601826951,-0.21324723886354391,NORMAL
2022-04-28 17:48:00,278.0915,85.703903999999994,0.49678562306369323,0.71352427601826951,-0.21673865295457628,NORMAL
2022-04-28 17:50:00,278.08692000000002,82.73912,0.49886573505618342,0.71352427601826951,-0.21465854096208609,NORMAL
2022-04-28 17:52:00,277.61077999999998,80.829272000000003,0.49809262221507861,0.71352427601826951,-0.2154316538031909,NORMAL
2022-04-28 17:54:00,277.96888000000001,83.984104000000002,0.53377431202581183,0.71352427601826951,-0.17974996399245768,NORMAL
2022-04-28 17:56:00,278.17169999999999,81.872472000000002,0.53525371635201502,0.71352427601826951,-0.17827055966625449,NORMAL
2022-04-28 17:58:00,279.62150000000003,79.911295999999993,0.5347000982383191,0.71352427601826951,-0.17882417777995041,NORMAL
2022-04-28 18:00:00,278.64816000000002,78.755471999999997,0.52054776416424164,0.71352427601826951,-0.19297651185402787,NORMAL
2022-04-28 18:02:00,278.49315999999999,75.737583999999998,0.52821914843554785,0.71352427601826951,-0.18530512758272166,NORMAL
2022-04-28 18:04:00,279.31482,70.880656000000002,0.5274397883920956,0.71352427601826951,-0.18608448762617391,NORMAL
2022-04-28 18:06:00,278.72597999999999,68.866367999999994,0.51942653234883085,0.71352427601826951,-0.19409774366943866,NORMAL
2022-04-28 18:08:00,279.72782000000001,65.995400000000004,0.52695839217197304,0.71352427601826951,-0.18656588384629647,NORMAL
2022-04-28 18:10:00,278.42948000000001,65.340711999999996,0.51820227773481198,0.71352427601826951,-0.19532199828345753,NORMAL
2022-04-28 18:12:00,277.15368000000001,63.425552000000003,0.5218083192281131,0.71352427601826951,-0.19171595679015641,NORMAL
2022-04-28 18:14:00,276.80680000000001,55.866903999999998,0.52112813845000994,0.71352427601826951,-0.19239613756825957,NORMAL
2022-04-28 18:16:00,277.23955999999998,53.296835999999999,0.53424248603074964,0.71352427601826951,-0.17928178998751987,NORMAL
2022-04-28 18:18:00,277.10921999999999,51.379904000000003,0.54900414331430902,0.71352427601826951,-0.16452013270396049,NORMAL
2022-04-28 18:20:00,276.86608000000001,40.605356,0.52091099490509296,0.71352427601826951,-0.19261328111317655,NORMAL
2022-04-28 18:22:00,276.92432000000002,35.459907999999999,0.52475868368394374,0.71352427601826951,-0.18876559233432577,NORMAL
2022-04-28 18:24:00,276.55633999999998,35.559027999999998,0.52346714609420864,0.71352427601826951,-0.19005712992406087,NORMAL
2022-04-28 18:26:00,276.91863999999998,32.430298000000001,0.52401673893409162,0.71352427601826951,-0.18950753708417789,NORMAL
2022-04-28 18:28:00,276.21798000000001,31.065612000000002,0.52463568908613101,0.71352427601826951,-0.1888885869321385,NORMAL
2022-04-28 18:30:00,276.21960000000001,25.41394,0.51925182837469253,0.71352427601826951,-0.19427244764357698,NORMAL
2022-04-28 18:32:00,275.83924000000002,21.927002000000002,0.51636615226596205,0.71352427601826951,-0.19715812375230746,NORMAL
2022-04-28 18:34:00,275.73786000000001,20.158752,0.51408862153451085,0.71352427601826951,-0.19943565448375866,NORMAL
2022-04-28 18:36:00,276.43484000000001,25.803788000000001,0.52036782995181097,0.71352427601826951,-0.19315644606645854,NORMAL
2022-04-28 18:38:00,276.0301,24.033767999999998,0.51293810718680399,0.71352427601826951,-0.20058616883146552,NORMAL
2022-04-28 18:40:00,275.97064,23.173538000000001,0.51189120920999398,0.71352427601826951,-0.20163306680827553,NORMAL
2022-04-28 18:42:00,275.74455999999998,11.648056,0.50778832119575501,0.71352427601826951,-0.2057359548225145,NORMAL
2022-04-28 18:44:00,276.43565999999998,9.2709200000000003,0.50444198331716217,0.71352427601826951,-0.20908229270110734,NORMAL
2022-04-28 18:46:00,276.07549999999998,9.8437420000000007,0.50557953016254309,0.71352427601826951,-0.20794474585572642,NORMAL
2022-04-28 18:48:00,275.83665999999999,8.0383230000000001,0.50377943905780409,0.71352427601826951,-0.20974483696046542,NORMAL
2022-04-28 18:50:00,275.82745999999997,6.5780570000000003,0.49775679772730497,0.71352427601826951,-0.21576747829096454,NORMAL
2022-04-28 18:52:00,276.14532000000003,5.0310600000000001,0.49293939265178827,0.71352427601826951,-0.22058488336648124,NORMAL
2022-04-28 18:54:00,275.99524000000002,3.6185839999999998,0.48896651679986397,0.71352427601826951,-0.22455775921840554,NORMAL
2022-04-28 18:56:00,275.95724000000001,2.5105520000000001,0.48732702481447038,0.71352427601826951,-0.22619725120379913,NORMAL
2022-04-28 18:58:00,276.17043999999999,2.52095,0.48561241025001711,0.71352427601826951,-0.2279118657682524,NORMAL
2022-04-28 19:00:00,276.11392000000001,1.7651520000000001,0.48865374867938044,0.71352427601826951,-0.22487052733888907,NORMAL
2022-04-28 19:02:00,276.13932,0.90669299999999997,0.48915203584476735,0.71352427601826951,-0.22437224017350216,NORMAL
2022-04-28 19:04:00,276.35278,1.359596,0.48861793813961696,0.71352427601826951,-0.22490633787865255,NORMAL
2022-04-28 19:06:00,276.23759999999999,0.65335799999999999,0.48751235729050779,0.71352427601826951,-0.22601191872776172,NORMAL
2022-04-28 19:08:00,269.62709999999998,0.29935499999999998,0.49014551280607793,0.71352427601826951,-0.22337876321219158,NORMAL
2022-04-28 19:10:00,235.93950000000001,0.58985900000000002,0.49671194463418561,0.71352427601826951,-0.2168123313840839,NORMAL
2022-04-28 19:12:00,192.04978,0.18629499999999999,0.49767042349903379,0.71352427601826951,-0.21585385251923572,NORMAL
2022-04-28 19:14:00,139.88236000000001,-0.21904000000000001,0.49085474522509392,0.71352427601826951,-0.22266953079317559,NORMAL
2022-04-28 19:16:00,91.027528000000004,-0.51994300000000004,0.48768352779719437,0.71352427601826951,-0.22584074822107514,NORMAL
2022-04-28 19:18:00,56.824855999999997,0.191605,0.47770763406909811,0.71352427601826951,-0.2358166419491714,NORMAL
2022-04-28 19:20:00,36.398139999999998,-0.061508,0.47134481795919936,0.71352427601826951,-0.24217945805907015,NORMAL
2022-04-28 19:22:00,24.574435999999999,-0.56419399999999997,0.4777068429842391,0.71352427601826951,-0.23581743303403041,NORMAL
2022-04-28 19:24:00,17.930931999999999,0.214172,0.46353876273341804,0.71352427601826951,-0.24998551328485147,NORMAL
2022-04-28 19:26:00,13.922556,-0.086731000000000003,0.45462223757121156,0.71352427601826951,-0.25890203844705795,NORMAL
2022-04-28 19:28:00,11.622070000000001,-0.28851300000000002,0.45701000846762557,0.71352427601826951,-0.25651426755064394,NORMAL
2022-04-28 19:30:00,10.135897999999999,-0.59118700000000002,0.46204379882198698,0.71352427601826951,-0.25148047719628253,NORMAL
2022-04-28 19:32:00,9.4133180000000003,0.50998699999999997,0.46733628557337065,0.71352427601826951,-0.24618799044489886,NORMAL
2022-04-28 19:34:00,8.9849040000000002,0.003761,0.44968226766020231,0.71352427601826951,-0.2638420083580672,NORMAL
2022-04-28 19:36:00,8.6786580000000004,-0.198021,0.44955862744816688,0.71352427601826951,-0.26396564857010263,NORMAL
2022-04-28 19:38:00,8.4952279999999991,-0.45113399999999998,0.45374169235752621,0.71352427601826951,-0.2597825836607433,NORMAL
2022-04-28 19:40:00,8.5589619999999993,0.32324999999999998,0.45520568739453438,0.71352427601826951,-0.25831858862373513,NORMAL
2022-04-28 19:42:00,8.4919119999999992,0.12146800000000001,0.44849004195843967,0.71352427601826951,-0.26503423405982984,NORMAL
2022-04-28 19:44:00,8.4859439999999999,-0.230766,0.44399819538164059,0.71352427601826951,-0.26952608063662892,NORMAL
2022-04-28 19:46:00,8.4852319999999999,-0.33342699999999997,0.44586376600128136,0.71352427601826951,-0.26766051001698815,NORMAL
2022-04-28 19:48:00,8.5462299999999995,-0.53520999999999996,0.45360903188761525,0.71352427601826951,-0.25991524413065425,NORMAL
2022-04-28 19:50:00,8.7158420000000003,0.29714200000000002,0.44985702916333492,0.71352427601826951,-0.26366724685493459,NORMAL
2022-04-28 19:52:00,8.743328,0.19448099999999999,0.46023797221978335,0.71352427601826951,-0.25328630379848616,NORMAL
2022-04-28 19:54:00,8.7545280000000005,-0.0073010000000000002,0.45668714780815634,0.71352427601826951,-0.25683712821011317,NORMAL
2022-04-28 19:56:00,8.8256840000000008,-0.41086600000000001,0.46357190471569476,0.71352427601826951,-0.24995237130257475,NORMAL
2022-04-28 19:58:00,8.8305399999999992,-0.61264799999999997,0.47931231394648871,0.71352427601826951,-0.2342119620717808,NORMAL
2022-04-28 20:00:00,8.9758440000000004,0.286964,0.4829897984937806,0.71352427601826951,-0.23053447752448891,NORMAL
2022-04-28 20:02:00,8.9697999999999993,0.134743,0.48451621914031129,0.71352427601826951,-0.22900805687795822,NORMAL
2022-04-28 20:04:00,9.0252520000000001,0.033852,0.48477497776751088,0.71352427601826951,-0.22874929825075863,NORMAL
2022-04-28 20:06:00,9.1199720000000006,-0.167931,0.46036434363314521,0.71352427601826951,-0.2531599323851243,NORMAL
2022-04-28 20:08:00,9.107882,-0.47060400000000002,0.46056697033358646,0.71352427601826951,-0.25295730568468305,NORMAL
2022-04-28 20:10:00,9.1406600000000005,-0.62282599999999999,0.46066130796873311,0.71352427601826951,-0.2528629680495364,NORMAL
2022-04-28 20:12:00,9.1626960000000004,-0.67238600000000004,0.45963035230605043,0.71352427601826951,-0.25389392371221908,NORMAL
2022-04-28 20:14:00,9.3327380000000009,0.28209699999999999,0.44059548314768454,0.71352427601826951,-0.27292879287058497,NORMAL
2022-04-28 20:16:00,9.3437719999999995,0.030754,0.42277211540302057,0.71352427601826951,-0.29075216061524894,NORMAL
2022-04-28 20:18:00,9.4103980000000007,-0.17102800000000001,0.42351003970573897,0.71352427601826951,-0.29001423631253054,NORMAL
2022-04-28 20:20:00,9.4204779999999992,-0.37458000000000002,0.42798173212563206,0.71352427601826951,-0.28554254389263745,NORMAL
2022-04-28 20:22:00,9.4372559999999996,-0.52503200000000005,0.43981856061513663,0.71352427601826951,-0.27370571540313288,NORMAL
2022-04-28 20:24:00,9.5302019999999992,0.21726999999999999,0.43394051481098156,0.71352427601826951,-0.27958376120728795,NORMAL
2022-04-28 20:26:00,9.5409059999999997,0.114609,0.42777226779469862,0.71352427601826951,-0.28575200822357089,NORMAL
2022-04-28 20:28:00,9.6297560000000004,-0.037613000000000001,0.42216568368587248,0.71352427601826951,-0.29135859233239703,NORMAL
2022-04-28 20:30:00,9.64621,-0.239395,0.42554200111131329,0.71352427601826951,-0.28798227490695621,NORMAL
2022-04-28 20:32:00,9.6243259999999999,-0.13673399999999999,0.42266588761952117,0.71352427601826951,-0.29085838839874834,NORMAL
2022-04-28 20:34:00,9.6069019999999998,-0.33851599999999998,0.42186148390457734,0.71352427601826951,-0.29166279211369217,NORMAL
2022-04-28 20:36:00,9.6626700000000003,-0.44117699999999999,0.42136751523591082,0.71352427601826951,-0.29215676078235869,NORMAL
2022-04-28 20:38:00,9.6228759999999998,-0.54029799999999994,0.42889709810444848,0.71352427601826951,-0.28462717791382103,NORMAL
2022-04-28 20:40:00,9.6284639999999992,-0.64295999999999998,0.42639496118031228,0.71352427601826951,-0.28712931483795723,NORMAL
2022-04-28 20:42:00,9.7930019999999995,0.37767800000000001,0.42405508052645169,0.71352427601826951,-0.28946919549181782,NORMAL
2022-04-28 20:44:00,9.8267380000000006,0.27678700000000001,0.42153404106743259,0.71352427601826951,-0.29199023495083692,NORMAL
2022-04-28 20:46:00,9.8101160000000007,0.075005000000000002,0.41522248549190865,0.71352427601826951,-0.29830179052636085,NORMAL
2022-04-28 20:48:00,9.8761060000000001,-0.17810799999999999,0.41353794162941926,0.71352427601826951,-0.29998633438885025,NORMAL
2022-04-28 20:50:00,9.8920639999999995,-0.229439,0.4138817503854193,0.71352427601826951,-0.29964252563285021,NORMAL
2022-04-28 20:52:00,9.9419160000000009,-0.48078199999999999,0.42076953826176533,0.71352427601826951,-0.29275473775650418,NORMAL
2022-04-28 20:54:00,10.002468,-0.581673,0.43915175189717098,0.71352427601826951,-0.27437252412109853,NORMAL
2022-04-28 20:56:00,10.019244,-0.53034199999999998,0.4404868657816306,0.71352427601826951,-0.27303741023663891,NORMAL
2022-04-28 20:58:00,10.085938000000001,0.41241499999999998,0.44831247331206253,0.71352427601826951,-0.26521180270620698,NORMAL
2022-04-28 21:00:00,10.158204,0.263733,0.44375827503238702,0.71352427601826951,-0.26976600098588249,NORMAL
2022-04-28 21:02:00,10.174488,-0.040710000000000003,0.43413186944169074,0.71352427601826951,-0.27939240657657877,NORMAL
2022-04-28 21:04:00,10.180248000000001,-0.14160200000000001,0.41646644302179753,0.71352427601826951,-0.29705783299647198,NORMAL
2022-04-28 21:06:00,10.190422,-0.14160200000000001,0.41209616763769591,0.71352427601826951,-0.3014281083805736,NORMAL
2022-04-28 21:08:00,10.21264,-0.19293199999999999,0.41089717331603409,0.71352427601826951,-0.30262710270223542,NORMAL
2022-04-28 21:10:00,10.251308,-0.39471400000000001,0.41344146539986759,0.71352427601826951,-0.30008281061840192,NORMAL
2022-04-28 21:12:00,10.340529999999999,0.33143600000000001,0.42606323861152456,0.71352427601826951,-0.28746103740674495,NORMAL
2022-04-28 21:14:00,10.301679999999999,0.18098500000000001,0.41506683496721269,0.71352427601826951,-0.29845744105105682,NORMAL
2022-04-28 21:16:00,10.340021999999999,0.18098500000000001,0.41442150790164917,0.71352427601826951,-0.29910276811662034,NORMAL
2022-04-28 21:18:00,10.434670000000001,-0.020798000000000001,0.40876612536504103,0.71352427601826951,-0.30475815065322848,NORMAL
2022-04-28 21:20:00,10.428888000000001,-0.17124900000000001,0.41091534059680912,0.71352427601826951,-0.30260893542146039,NORMAL
2022-04-28 21:22:00,10.422943999999999,-0.22258,0.40592001252261395,0.71352427601826951,-0.30760426349565556,NORMAL
2022-04-28 21:24:00,10.466692,-0.27391100000000002,0.40322978677421639,0.71352427601826951,-0.31029448924405312,NORMAL
2022-04-28 21:26:00,10.483663999999999,-0.47569299999999998,0.41632923617511486,0.71352427601826951,-0.29719503984315465,NORMAL
2022-04-28 21:28:00,10.510949999999999,-0.67747500000000005,0.42884577969773569,0.71352427601826951,-0.28467849632053382,NORMAL
2022-04-28 21:30:00,10.673282,0.46551500000000001,0.43404911724268186,0.71352427601826951,-0.27947515877558765,NORMAL
2022-04-28 21:32:00,10.701269999999999,0.31329299999999999,0.4214394066461315,0.71352427601826951,-0.29208486937213801,NORMAL
2022-04-28 21:34:00,10.639834,0.16107199999999999,0.41564976026114409,0.71352427601826951,-0.29787451575712542,NORMAL
2022-04-28 21:36:00,10.672756,0.111511,0.41235191123297538,0.71352427601826951,-0.30117236478529413,NORMAL
2022-04-28 21:38:00,10.661726,0.010619999999999999,0.41384978747161599,0.71352427601826951,-0.29967448854665352,NORMAL
2022-04-28 21:40:00,10.816758,-0.090271000000000004,0.52315764118698582,0.71352427601826951,-0.19036663483128369,NORMAL
2022-04-28 21:42:00,13.904028,-0.39294400000000002,0.43281339706727656,0.71352427601826951,-0.28071087895099295,NORMAL
2022-04-28 21:44:00,13.882505999999999,-0.34338400000000002,0.43883150502640489,0.71352427601826951,-0.27469277099186462,NORMAL
2022-04-28 21:46:00,13.815671999999999,-0.34338400000000002,0.43528959329136219,0.71352427601826951,-0.27823468272690732,NORMAL
2022-04-28 21:48:00,13.782185999999999,-0.54516600000000004,0.41926759802342123,0.71352427601826951,-0.29425667799484828,NORMAL
2022-04-28 21:50:00,13.911455999999999,0.261963,0.41314513432082745,0.71352427601826951,-0.30037914169744206,NORMAL
2022-04-28 21:52:00,13.844376,0.261963,0.41259648713135144,0.71352427601826951,-0.30092778888691807,NORMAL
2022-04-28 21:54:00,13.866308,0.10974100000000001,0.40561814669487883,0.71352427601826951,-0.30790612932339068,NORMAL
2022-04-28 21:56:00,13.867232,0.261963,0.43568763742335093,0.71352427601826951,-0.27783663859491858,NORMAL
2022-04-28 21:58:00,13.860709999999999,0.060180999999999998,0.41672734685587354,0.71352427601826951,-0.29679692916239597,NORMAL
2022-04-28 22:00:00,13.848979999999999,-0.14160200000000001,0.3963135338492067,0.71352427601826951,-0.31721074216906281,NORMAL
2022-04-28 22:02:00,13.933456,-0.042479999999999997,0.43453553632288011,0.71352427601826951,-0.2789887396953894,NORMAL
2022-04-28 22:04:00,13.887836,-0.24426300000000001,0.43052537072912378,0.71352427601826951,-0.28299890528914573,NORMAL
2022-04-28 22:06:00,13.859783999999999,-0.24426300000000001,0.42016402189721719,0.71352427601826951,-0.29336025412105232,NORMAL
2022-04-28 22:08:00,13.898804,-0.293823,0.4094363827661775,0.71352427601826951,-0.30408789325209201,NORMAL
2022-04-28 22:10:00,13.965712,-0.396484,0.41625529895766922,0.71352427601826951,-0.29726897706060029,NORMAL
2022-04-28 22:12:00,13.954452,-0.396484,0.42165181040417643,0.71352427601826951,-0.29187246561409308,NORMAL
2022-04-28 22:14:00,13.971080000000001,-0.44604500000000002,0.39729509510493666,0.71352427601826951,-0.31622918091333285,NORMAL
2022-04-28 22:16:00,14.136813999999999,0.261963,0.41352082651379368,0.71352427601826951,-0.30000344950447583,NORMAL
2022-04-28 22:18:00,14.158654,0.10974100000000001,0.41987380745913538,0.71352427601826951,-0.29365046855913413,NORMAL
2022-04-28 22:20:00,14.125690000000001,0.10974100000000001,0.41990066363198764,0.71352427601826951,-0.29362361238628187,NORMAL
2022-04-28 22:22:00,14.153219999999999,0.0070800000000000004,0.41314658070294125,0.71352427601826951,-0.30037769531532826,NORMAL
2022-04-28 22:24:00,14.209184,0.10974100000000001,0.42355821029706592,0.71352427601826951,-0.28996606572120359,NORMAL
2022-04-28 22:26:00,14.197433999999999,-0.042479999999999997,0.42945629939188362,0.71352427601826951,-0.28406797662638589,NORMAL
2022-04-28 22:28:00,14.186874,-0.14514199999999999,0.42379926559863385,0.71352427601826951,-0.28972501041963566,NORMAL
2022-04-28 22:30:00,14.180638,-0.14514199999999999,0.41518514500277304,0.71352427601826951,-0.29833913101549647,NORMAL
2022-04-28 22:32:00,14.224632,-0.19470199999999999,0.41721510584144028,0.71352427601826951,-0.29630917017682923,NORMAL
2022-04-28 22:34:00,14.17994,-0.34692400000000001,0.40750617066332312,0.71352427601826951,-0.30601810535494639,NORMAL
2022-04-28 22:36:00,14.213124000000001,-0.49560500000000002,0.41160898239869903,0.71352427601826951,-0.30191529361957048,NORMAL
2022-04-28 22:38:00,14.213366000000001,-0.293823,0.40304529392445815,0.71352427601826951,-0.31047898209381136,NORMAL
2022-04-28 22:40:00,14.33001,0.27700799999999998,0.41148576129287506,0.71352427601826951,-0.30203851472539445,NORMAL
2022-04-28 22:42:00,14.408149999999999,0.22744800000000001,0.41853147202572333,0.71352427601826951,-0.29499280399254618,NORMAL
2022-04-28 22:44:00,14.363443999999999,0.176117,0.43993455540929094,0.71352427601826951,-0.27358972060897857,NORMAL
2022-04-28 22:46:00,14.352080000000001,0.176117,0.44075486466293928,0.71352427601826951,-0.27276941135533023,NORMAL
2022-04-28 22:48:00,14.418388,0.176117,0.43982671081121721,0.71352427601826951,-0.2736975652070523,NORMAL
2022-04-28 22:50:00,14.412062000000001,0.126556,0.43707466639202813,0.71352427601826951,-0.27644960962624138,NORMAL
2022-04-28 22:52:00,14.401274000000001,-0.075226000000000001,0.44070987040472792,0.71352427601826951,-0.27281440561354159,NORMAL
2022-04-28 22:54:00,14.434775999999999,-0.075226000000000001,0.42155806107809085,0.71352427601826951,-0.29196621494017866,NORMAL
2022-04-28 22:56:00,14.406464,-0.126556,0.42351768149444408,0.71352427601826951,-0.29000659452382543,NORMAL
2022-04-28 22:58:00,14.43454,-0.32833899999999999,0.4178022969353441,0.71352427601826951,-0.29572197908292541,NORMAL
2022-04-28 23:00:00,14.439730000000001,-0.27700799999999998,0.40704376553206217,0.71352427601826951,-0.30648051048620734,NORMAL
2022-04-28 23:02:00,14.411353999999999,-0.27700799999999998,0.40418266869063718,0.71352427601826951,-0.30934160732763233,NORMAL
2022-04-28 23:04:00,14.417662,-0.27700799999999998,0.40690937748930833,0.71352427601826951,-0.30661489852896118,NORMAL
2022-04-28 23:06:00,14.423342,-0.22744800000000001,0.40415173958584105,0.71352427601826951,-0.30937253643242846,NORMAL
2022-04-28 23:08:00,14.395201999999999,-0.37966899999999998,0.40450139927005202,0.71352427601826951,-0.30902287674821749,NORMAL
2022-04-28 23:10:00,14.377924,-0.58145100000000005,0.41236517575208426,0.71352427601826951,-0.30115910026618525,NORMAL
2022-04-28 23:12:00,14.382878,-0.58145100000000005,0.40464879534134524,0.71352427601826951,-0.30887548067692427,NORMAL
2022-04-28 23:14:00,14.416472000000001,-0.58145100000000005,0.40292169465420624,0.71352427601826951,-0.31060258136406327,NORMAL
2022-04-28 23:16:00,14.455334000000001,-0.68057299999999998,0.40847088848989399,0.71352427601826951,-0.30505338752837552,NORMAL
2022-04-28 23:18:00,14.581242,0.271256,0.4117361362447951,0.71352427601826951,-0.30178813977347441,NORMAL
2022-04-28 23:20:00,14.598522000000001,0.019913,0.42589547593402921,0.71352427601826951,-0.2876288000842403,NORMAL
2022-04-28 23:22:00,14.630582,0.069472999999999993,0.43629645952356627,0.71352427601826951,-0.27722781649470324,NORMAL
2022-04-28 23:24:00,14.637314,0.12080399999999999,0.4299526304153431,0.71352427601826951,-0.28357164560292641,NORMAL
2022-04-28 23:26:00,14.614424,0.12080399999999999,0.43145273096947712,0.71352427601826951,-0.28207154504879239,NORMAL
2022-04-28 23:28:00,14.713832,-0.13230900000000001,0.42339130191441204,0.71352427601826951,-0.29013297410385747,NORMAL
2022-04-28 23:30:00,14.596822,-0.33409100000000003,0.42410258372224252,0.71352427601826951,-0.28942169229602699,NORMAL
2022-04-28 23:32:00,14.658581999999999,-0.23319999999999999,0.41672677637823052,0.71352427601826951,-0.29679749964003899,NORMAL
2022-04-28 23:34:00,14.662302,-0.38542199999999999,0.41360793620300573,0.71352427601826951,-0.29991633981526378,NORMAL
2022-04-28 23:36:00,14.752867999999999,-0.23319999999999999,0.4041227012143821,0.71352427601826951,-0.30940157480388741,NORMAL
2022-04-28 23:38:00,14.84149,-0.38542199999999999,0.44824710275267221,0.71352427601826951,-0.2652771732655973,NORMAL
2022-04-28 23:40:00,14.808054,-0.68632499999999996,0.46872903345689537,0.71352427601826951,-0.24479524256137414,NORMAL
2022-04-28 23:42:00,14.848532000000001,0.18032100000000001,0.44360005864833146,0.71352427601826951,-0.26992421736993805,NORMAL
2022-04-28 23:44:00,14.860317999999999,0.33077200000000001,0.45877928249329059,0.71352427601826951,-0.25474499352497892,NORMAL
2022-04-28 23:46:00,14.948458,0.18032100000000001,0.5250134982603144,0.71352427601826951,-0.18851077775795511,NORMAL
2022-04-28 23:48:00,14.887672,0.12898999999999999,0.45710907691579478,0.71352427601826951,-0.25641519910247473,NORMAL
2022-04-28 23:50:00,14.921113999999999,0.079430000000000001,0.45100478451677051,0.71352427601826951,-0.262519491501499,NORMAL
2022-04-28 23:52:00,14.909416,-0.021461000000000001,0.45374856098855559,0.71352427601826951,-0.25977571502971392,NORMAL
2022-04-28 23:54:00,14.876633999999999,0.029869,0.44848554214778447,0.71352427601826951,-0.26503873387048504,NORMAL
2022-04-28 23:56:00,14.897627999999999,0.079430000000000001,0.43654163270585905,0.71352427601826951,-0.27698264331241046,NORMAL
2022-04-28 23:58:00,14.841950000000001,-0.021461000000000001,0.4466635814871498,0.71352427601826951,-0.26686069453111971,NORMAL
2022-04-29 00:00:00,14.903814000000001,-0.021461000000000001,0.43760041533531263,0.71352427601826951,-0.27592386068295688,NORMAL
2022-04-29 00:02:00,14.887409999999999,0.079430000000000001,0.44457790375182088,0.71352427601826951,-0.26894637226644863,NORMAL
2022-04-29 00:04:00,14.920854,0.12898999999999999,0.44131535049129217,0.71352427601826951,-0.27220892552697734,NORMAL
2022-04-29 00:06:00,14.926716000000001,-0.072791999999999996,0.42995758679493001,0.71352427601826951,-0.2835666892233395,NORMAL
2022-04-29 00:08:00,14.875641999999999,-0.122353,0.42549173103244975,0.71352427601826951,-0.28803254498581976,NORMAL
2022-04-29 00:10:00,14.893272,-0.072791999999999996,0.41597840998190905,0.71352427601826951,-0.29754586603636046,NORMAL
2022-04-29 00:12:00,14.998775999999999,-0.072791999999999996,0.53114733549854509,0.71352427601826951,-0.18237694051972442,NORMAL
2022-04-29 00:14:00,15.009575999999999,-0.223244,0.45203824565362227,0.71352427601826951,-0.26148603036464724,NORMAL
2022-04-29 00:16:00,14.936757999999999,-0.37546499999999999,0.44822706304431426,0.71352427601826951,-0.26529721297395525,NORMAL
2022-04-29 00:18:00,14.908664,-0.32413500000000001,0.42857431036448951,0.71352427601826951,-0.28494996565378,NORMAL
2022-04-29 00:20:00,14.941608,-0.47635699999999997,0.43630642630951111,0.71352427601826951,-0.2772178497087584,NORMAL
2022-04-29 00:22:00,14.952643999999999,-0.52591699999999997,0.44251066214763568,0.71352427601826951,-0.27101361387063383,NORMAL
2022-04-29 00:24:00,14.930572,-0.57724799999999998,0.44074767203101117,0.71352427601826951,-0.27277660398725834,NORMAL
2022-04-29 00:26:00,14.975289999999999,-0.47635699999999997,0.44329634775752624,0.71352427601826951,-0.27022792826074327,NORMAL
2022-04-29 00:28:00,15.030723999999999,-0.52591699999999997,0.45250257552882833,0.71352427601826951,-0.26102170048944118,NORMAL
2022-04-29 00:30:00,14.968946000000001,-0.67813900000000005,0.45226384022939703,0.71352427601826951,-0.26126043578887248,NORMAL
2022-04-29 00:32:00,15.00272,-0.57724799999999998,0.43496965020381795,0.71352427601826951,-0.27855462581445156,NORMAL
2022-04-29 00:34:00,14.979894,-0.67813900000000005,0.43583390887344919,0.71352427601826951,-0.27769036714482032,NORMAL
2022-04-29 00:36:00,15.116108000000001,0.21173900000000001,0.41325945152736054,0.71352427601826951,-0.30026482449090897,NORMAL
2022-04-29 00:38:00,15.110168,0.059517,0.41693071458470615,0.71352427601826951,-0.29659356143356336,NORMAL
2022-04-29 00:40:00,15.199223999999999,0.10907699999999999,0.44194726781586735,0.71352427601826951,-0.27157700820240216,NORMAL
2022-04-29 00:42:00,15.182076,0.10907699999999999,0.45201738920034112,0.71352427601826951,-0.26150688681792839,NORMAL
2022-04-29 00:44:00,15.210592,0.0099559999999999996,0.45865216733320552,0.71352427601826951,-0.25487210868506399,NORMAL
2022-04-29 00:46:00,15.227734,0.10907699999999999,0.45981652429088593,0.71352427601826951,-0.25370775172738358,NORMAL
2022-04-29 00:48:00,15.182076,-0.041374000000000001,0.4498565761131802,0.71352427601826951,-0.26366769990508931,NORMAL
2022-04-29 00:50:00,15.249064000000001,-0.092704999999999996,0.45375083997696047,0.71352427601826951,-0.25977343604130904,NORMAL
2022-04-29 00:52:00,15.231914,-0.092704999999999996,0.43173003116846431,0.71352427601826951,-0.2817942448498052,NORMAL
2022-04-29 00:54:00,15.210086,-0.041374000000000001,0.43204209641998076,0.71352427601826951,-0.28148217959828875,NORMAL
2022-04-29 00:56:00,15.259414,-0.191826,0.45802199081965178,0.71352427601826951,-0.25550228519861773,NORMAL
2022-04-29 00:58:00,15.253387999999999,-0.142265,0.46463843936552213,0.71352427601826951,-0.24888583665274738,NORMAL
2022-04-29 01:00:00,15.29813,-0.24315600000000001,0.46960460338516596,0.71352427601826951,-0.24391967263310355,NORMAL
2022-04-29 01:02:00,15.337175999999999,-0.34404800000000002,0.46864265497393204,0.71352427601826951,-0.24488162104433747,NORMAL
2022-04-29 01:04:00,15.342777999999999,-0.44670900000000002,0.46836174127145791,0.71352427601826951,-0.2451625347468116,NORMAL
2022-04-29 01:06:00,15.331064,-0.49626900000000002,0.47126424477792395,0.71352427601826951,-0.24226003124034556,NORMAL
2022-04-29 01:08:00,15.286581999999999,-0.49626900000000002,0.48009266011910851,0.71352427601826951,-0.233431615899161,NORMAL
